areageografica,regione,provincia,codiceistitutoriferimento,denominazioneistitutoriferimento,codicescuola,denominazionescuola,codicecomunescuola,descrizionecomune,descrizionecaratteristicascuola,descrizionetipologiagradoistruzionescuola
ISOLE,SICILIA,AGRIGENTO,AGIS00100X,IIS - UGO FOSCOLO,AGPC001017,UGO FOSCOLO,B602,CANICATTI',NORMALE,LICEO CLASSICO
ISOLE,SICILIA,AGRIGENTO,AGIS01200A,IIS - CALOGERO AMATO VETRANO,AGRH01201E,"IPSEOA ""SEN. G.MOLINARI""",I533,SCIACCA,CONVITTO ANNESSO,IST PROF PER I SERVIZI ALBERGHIERI E RISTORAZIONE
ISOLE,SICILIA,AGRIGENTO,AGIS01600N,IIS - DON MICHELE ARENA,AGRI016019,"I.P.S.I.A. ""ACCURSIO MIRAGLIA""",I533,SCIACCA,NORMALE,IST PROF INDUSTRIA E ARTIGIANATO
ISOLE,SICILIA,AGRIGENTO,AGIS02400L,IIS - ENRICO FERMI,AGRI024018,ENRICO FERMI,A351,ARAGONA,NORMALE,IST PROF INDUSTRIA E ARTIGIANATO
CENTRO,MARCHE,ANCONA,ANIS002001,"""LIVIO CAMBI - DONATELLO SERRANI""",ANPS00201B,LIVIO CAMBI,D472,FALCONARA MARITTIMA,NORMALE,LICEO SCIENTIFICO
CENTRO,MARCHE,ANCONA,ANIS00800X,"""A.EINSTEIN - A.NEBBIA""",ANRH008014,EINSTEIN-NEBBIA ALBERGHIERO,E690,LORETO,NORMALE,IST PROF PER I SERVIZI ALBERGHIERI E RISTORAZIONE
CENTRO,MARCHE,ANCONA,ANSD01000Q,"LICEO ARTISTICO ""EDGARDO MANNUCCI""",ANSD01000Q,"LICEO ARTISTICO ""EDGARDO MANNUCCI""",A271,ANCONA,SCUOLA ANNESSA,ISTITUTO D'ARTE
CENTRO,MARCHE,ANCONA,ANIS01700P,I.I.S. MOREA - VIVARELLI,ANTD017011,A.MOREA,D451,FABRIANO,NORMALE,IST TEC COMMERCIALE E PER GEOMETRI
SUD,ABRUZZO,L'AQUILA,AQIS002006,"ISTITUTO ISTRUZ. SUP.""PATINI-LIBERATORE""",AQPS00201L,"""TEOFILO PATINI""",C096,CASTEL DI SANGRO,NORMALE,LICEO SCIENTIFICO
SUD,ABRUZZO,L'AQUILA,AQIS01200R,ISTITUTO SUPERIORE TORLONIA - BELLISARIO,AQSD01201N,"LICEO ARTISTICO ""VINCENZO BELLISARIO""",A515,AVEZZANO,NORMALE,ISTITUTO D'ARTE
CENTRO,TOSCANA,AREZZO,ARIS00700X,MARGARITONE-VASARI,ARRI00701G,MARGARITONE,A390,AREZZO,NORMALE,IST PROF INDUSTRIA E ARTIGIANATO
CENTRO,TOSCANA,AREZZO,ARIS00700X,MARGARITONE-VASARI,ARRI00750X,MARGARITONE - CORSO SERALE,A390,AREZZO,PERCORSO II LIVELLO,IST PROF INDUSTRIA E ARTIGIANATO
SUD,CAMPANIA,AVELLINO,AVIS002002,ISTITUTO OMNICOMPRENSIVO - F. DE SANCTIS,AVRI00201N,FRANCESCO DE SANCTIS,E397,LACEDONIA,NORMALE,IST PROF INDUSTRIA E ARTIGIANATO
SUD,PUGLIA,BARI,BAPC030002,"LICEO ""CAGNAZZI""",BAPC030002,"LICEO ""CAGNAZZI""",A225,ALTAMURA,NORMALE,LICEO CLASSICO
SUD,PUGLIA,BARI,BARH01000N,"I.P.E.O.A. ""A. PEROTTI""",BARH01003R,IP PEROTTI - SEDE ASSOCIATA DI TRIGGIANO,L425,TRIGGIANO,NORMALE,IST PROF PER I SERVIZI ALBERGHIERI E RISTORAZIONE
SUD,PUGLIA,BARI,BAIS033007,"I.I.S.S. ""ROSA LUXEMBURG""",BASL03301E,IISS R. LUXEMBURG-LIC. ART. GRAF. AUDIOV,A048,ACQUAVIVA DELLE FONTI,NORMALE,LICEO ARTISTICO
SUD,PUGLIA,BARI,BATD21000D,"I.T.E.T. ""DE VITI DE MARCO""",BATD21000D,"I.T.E.T. ""DE VITI DE MARCO""",L425,TRIGGIANO,NORMALE,ISTITUTO TECNICO COMMERCIALE
SUD,PUGLIA,BARI,BATD21000D,"I.T.E.T. ""DE VITI DE MARCO""",BATD21001E,ANTONIO DE VITI DE MARCO,L571,VALENZANO,NORMALE,ISTITUTO TECNICO COMMERCIALE
SUD,PUGLIA,BARI,BATF230001,I.T.T. PANETTI-PITAGORA,BATF230001,I.T.T. PANETTI-PITAGORA,A662,BARI,NORMALE,ISTITUTO TECNICO INDUSTRIALE
NORD OVEST,LOMBARDIA,BERGAMO,BGRI15000D,"""CESARE PESENTI""",BGRI15000D,"""CESARE PESENTI""",A794,BERGAMO,NORMALE,IST PROF INDUSTRIA E ARTIGIANATO
NORD OVEST,PIEMONTE,BIELLA,BIIS00100D,G. Q. SELLA,BIPC00101R,G. Q. SELLA - LICEO CLASSICO,A859,BIELLA,NORMALE,LICEO CLASSICO
NORD OVEST,PIEMONTE,BIELLA,BIIS00700C,I.I.S. GAE AULENTI,BIRH00703P,I.P. E. ZEGNA - MOSSO,M417,VALDILANA,NORMALE,IST PROF PER I SERVIZI ALBERGHIERI E RISTORAZIONE
NORD EST,VENETO,BELLUNO,BLIS01200T,"""T. CATULLO""",BLRC01201R,"IPSSCT ""T.CATULLO""",A757,BELLUNO,NORMALE,IST PROF PER I SERVIZI COMMERCIALI
NORD EST,VENETO,BELLUNO,BLIS00600E,IIS FOLLADOR-DE ROSSI,BLTD00601R,"ITE - TURISMO ""A. DE ROSSI""",D470,FALCADE,NORMALE,ISTITUTO TECNICO COMMERCIALE
NORD EST,EMILIA ROMAGNA,BOLOGNA,BOPS030004,LICEO NICCOLO' COPERNICO,BOPS030004,LICEO NICCOLO' COPERNICO,A944,BOLOGNA,NORMALE,LICEO SCIENTIFICO
NORD EST,EMILIA ROMAGNA,BOLOGNA,BORH050003,IPSAR LUIGI VERONELLI,BORH050003,IPSAR LUIGI VERONELLI,B880,CASALECCHIO DI RENO,NORMALE,IST PROF PER I SERVIZI ALBERGHIERI E RISTORAZIONE
NORD EST,EMILIA ROMAGNA,BOLOGNA,BOIS01400R,I.I.S. F. ALBERGHETTI,BORI01402D,IPIA F.ALBERGHETTI - SEZIONE ASSOCIATA,E289,IMOLA,NORMALE,IST PROF INDUSTRIA E ARTIGIANATO
NORD EST,EMILIA ROMAGNA,BOLOGNA,BOSL02000A,LICEO F. ARCANGELI,BOSL02000A,LICEO F. ARCANGELI,A944,BOLOGNA,NORMALE,LICEO ARTISTICO
NORD OVEST,LOMBARDIA,BRESCIA,BSIS02700D,"I. S. ""OLIVELLI-PUTELLI""- DARFO",BSPM027011,DARFO SCIENZE APPLICATE,D251,DARFO BOARIO TERME,NORMALE,ISTITUTO MAGISTRALE
NORD OVEST,LOMBARDIA,BRESCIA,BSIS02200A,"""DANDOLO"" - CORZANO",BSRH02201E,"ALBERGHIERO ""DANDOLO""",D082,CORZANO,NORMALE,IST PROF PER I SERVIZI ALBERGHIERI E RISTORAZIONE
NORD OVEST,LOMBARDIA,BRESCIA,BSIS01700V,"ROVATO - ""LORENZO GIGLI""",BSRI01701E,"ROVATO (SEZ.ASS.I.S.""GIGLI"")",H598,ROVATO,NORMALE,IST PROF INDUSTRIA E ARTIGIANATO
ISOLE,SARDEGNA,CAGLIARI,CAIS017006,"I.I.S. ""G. BROTZU"" QUARTU S.E.",CAPS01701L,"L.S. ""G. BROTZU""",H118,QUARTU SANT'ELENA,NORMALE,LICEO SCIENTIFICO
ISOLE,SARDEGNA,CAGLIARI,CAPS02000B,"L.S. ""ALBERTI"" CAGLIARI",CAPS02000B,"L.S. ""ALBERTI"" CAGLIARI",B354,CAGLIARI,NORMALE,LICEO SCIENTIFICO
ISOLE,SARDEGNA,CAGLIARI,CARH050001,"I.P.S.A.R. ""GRAMSCI"" MONSERRATO",CARH050001,"I.P.S.A.R. ""GRAMSCI"" MONSERRATO",F383,MONSERRATO,NORMALE,IST PROF PER I SERVIZI ALBERGHIERI E RISTORAZIONE
ISOLE,SARDEGNA,SUD SARDEGNA,CAIS02200N,"I.I.S. ""VOLTA"" GUSPINI",CARI02203B,I.P.S.S.,E270,GUSPINI,NORMALE,IST PROF INDUSTRIA E ARTIGIANATO
ISOLE,SARDEGNA,SUD SARDEGNA,CAIS02100T,"I.I.S. ""VIGNARELLI"" SANLURI",CATD021014,I.T.C.G.,H974,SANLURI,NORMALE,IST TEC COMMERCIALE E PER GEOMETRI
SUD,MOLISE,CAMPOBASSO,CBIS022008,IISS ALFANO DA TERMOLI,CBPS02201P,"LS LICEO SCIENT.""ALFANO DA TERMOLI""",L113,TERMOLI,NORMALE,LICEO SCIENTIFICO
SUD,MOLISE,CAMPOBASSO,CBIS007006,I.I.S.S. LOMBARDO-RADICE,CBRH00750P,VINCHIATURO,M057,VINCHIATURO,PERCORSO II LIVELLO,IST PROF PER I SERVIZI ALBERGHIERI E RISTORAZIONE
SUD,MOLISE,CAMPOBASSO,CBRH010005,"I.P.S.E.O.A.-I.P.S.A.R. ""F. DI SVEVIA""",CBRH010005,"I.P.S.E.O.A.-I.P.S.A.R. ""F. DI SVEVIA""",L113,TERMOLI,NORMALE,IST PROF PER I SERVIZI ALBERGHIERI E RISTORAZIONE
SUD,MOLISE,CAMPOBASSO,CBRH010005,"I.P.S.E.O.A.-I.P.S.A.R. ""F. DI SVEVIA""",CBRH01050E,"I.P.S.E.O.A.-I.P.S.A.R. ""F. DI SVEVIA""",L113,TERMOLI,PERCORSO II LIVELLO,IST PROF PER I SERVIZI ALBERGHIERI E RISTORAZIONE
SUD,MOLISE,CAMPOBASSO,CBIS002003,"IST. SUPERIORE ""MARIO PAGANO""",CBSL00201A,"L.ARTISTICO ""G.MANZU'""",B519,CAMPOBASSO,NORMALE,LICEO ARTISTICO
SUD,MOLISE,CAMPOBASSO,CBIS023004,"""E. MAJORANA""",CBSL02301B,"L.ARTISTICO ""B.JACOVITTI""",L113,TERMOLI,NORMALE,LICEO ARTISTICO
SUD,MOLISE,CAMPOBASSO,CBIS007006,I.I.S.S. LOMBARDO-RADICE,CBTD00701C,ISTITUTO TECNICO ECONOMICO - BOIANO,A930,BOJANO,NORMALE,ISTITUTO TECNICO COMMERCIALE
SUD,MOLISE,CAMPOBASSO,CBIS02600G,"I.I.S. ""S. PERTINI-L. MONTINI-V. CUOCO""",CBTE026019,"""BIOTECNOLOGIE SANITARIE ED AMBIENTALI""",B519,CAMPOBASSO,NORMALE,ISTITUTO TECNICO PER ATTIVITA' SOCIALI (GIA' ITF)
SUD,CAMPANIA,CASERTA,CEIS00400E,UGO FOSCOLO,CEPS004022,LICEO SCIENTIFICO GALILEI - SPARANISE,I885,SPARANISE,NORMALE,LICEO SCIENTIFICO
SUD,CAMPANIA,CASERTA,CEPS090004,LICEO SCIENTIFICO N. CORTESE,CEPS090004,LICEO SCIENTIFICO N. CORTESE,E791,MADDALONI,NORMALE,LICEO SCIENTIFICO
SUD,CAMPANIA,CASERTA,CEIS006006,VAIRANO PATENORA,CERI00601T,IPIA VAIRANO PATENORA,L540,VAIRANO PATENORA,NORMALE,IST PROF INDUSTRIA E ARTIGIANATO
SUD,ABRUZZO,CHIETI,CHIS00300B,I.I.S. ALGERI MARINO - CASOLI,CHPS00301T,LIC. SC. ALGERI MARINO - CASOLI,B985,CASOLI,NORMALE,LICEO SCIENTIFICO
SUD,ABRUZZO,CHIETI,CHIS00300B,I.I.S. ALGERI MARINO - CASOLI,CHRI003013,IST. PROF. CASOLI - IIS ALGERI MARINO,B985,CASOLI,NORMALE,IST PROF INDUSTRIA E ARTIGIANATO
SUD,ABRUZZO,CHIETI,CHIS01600D,U. POMILIO CHIETI,CHRI016015,U. POMILIO CHIETI,C632,CHIETI,NORMALE,IST PROF INDUSTRIA E ARTIGIANATO
SUD,ABRUZZO,CHIETI,CHIS00600V,I.I.S. SPAVENTA -ATESSA,CHTD006015,ISTITUTO TECNICO ECONOMICO,A485,ATESSA,NORMALE,ISTITUTO TECNICO COMMERCIALE
SUD,ABRUZZO,CHIETI,CHIS021001,I.O. GUARDIAGRELE LIC. SCIEN. E ITET,CHTD021017,IST. TECNICO ECONOMICO E TECNOLOGICO,E243,GUARDIAGRELE,NORMALE,ISTITUTO TECNICO COMMERCIALE
SUD,ABRUZZO,CHIETI,CHTD11000L,ITCG GALIANI - DE STERLICH,CHTD11000L,ITCG GALIANI - DE STERLICH,C632,CHIETI,NORMALE,IST TEC COMMERCIALE E PER GEOMETRI
ISOLE,SICILIA,CALTANISSETTA,CLIS00900V,ANGELO DI ROCCO,CLRA00902X,IP SERVIZI AGRICOLTURA E SVILUPPO RURALE,H792,SAN CATALDO,NORMALE,IST PROF PER L'AGRICOLTURA E L'AMBIENTE
NORD OVEST,PIEMONTE,CUNEO,CNPC030005,"SALUZZO ""G.B.BODONI""",CNPC030005,"SALUZZO ""G.B.BODONI""",H727,SALUZZO,NORMALE,LICEO CLASSICO
NORD OVEST,PIEMONTE,CUNEO,CNIS00300E,CUNEO - GRANDIS,CNRC00350T,CUNEO IPC GRANDIS - SERALE,D205,CUNEO,PERCORSO II LIVELLO,IST PROF PER I SERVIZI COMMERCIALI E TURISTICI
NORD OVEST,LOMBARDIA,COMO,COIS00100G,MENAGGIO,CORH00101Q,ISTITUTO PROFESSIONALE ALBERGHIERO,G889,PORLEZZA,NORMALE,IST PROF PER I SERVIZI ALBERGHIERI E RISTORAZIONE
NORD OVEST,LOMBARDIA,COMO,COIS011006,GIUSEPPE TERRAGNI,COTD01101C,IST. TECNICO ECONOMICO GIUSEPPE TERRAGNI,G025,OLGIATE COMASCO,NORMALE,ISTITUTO TECNICO COMMERCIALE
NORD OVEST,LOMBARDIA,COMO,COIS00200B,I.I.S. JEAN MONNET,COTF00201X,I.T.I.S. MAGISTRI CUMACINI - MARIANO C.,E951,MARIANO COMENSE,NORMALE,ISTITUTO TECNICO INDUSTRIALE
NORD OVEST,LOMBARDIA,CREMONA,CRIS00800D,"""ANTONIO STRADIVARI""",CRSL00801R,LICEO ARTISTICO,D150,CREMONA,NORMALE,LICEO ARTISTICO
SUD,CALABRIA,COSENZA,CSIS001006,"IIS CORIGLIANO C. ""LC-LS""",CSPS00101L,"LS ""F.BRUNO"" CORIGLIANO C.",M403,CORIGLIANO-ROSSANO,NORMALE,LICEO SCIENTIFICO
SUD,CALABRIA,COSENZA,CSIS07400X,"IIS ITE""V. COSENTINO-IPAA""F.TODARO""RENDE",CSRH074014,CASA CIRCONDAR. IPSEOA COSENZA,D086,COSENZA,SPEC. PER CARCERARI,IST PROF PER I SERVIZI ALBERGHIERI E RISTORAZIONE
SUD,CALABRIA,COSENZA,CSIS081003,"IIS ""L. DELLA VALLE"" COSENZA",CSSL08101A,LICEO ARTISTICO COSENZA,D086,COSENZA,NORMALE,LICEO ARTISTICO
SUD,CALABRIA,COSENZA,CSIS04600Q,"IIS ROSSANO ""ITAS-ITC""",CSTE04601D,ITAS ROSSANO,M403,CORIGLIANO-ROSSANO,NORMALE,ISTITUTO TECNICO PER ATTIVITA' SOCIALI (GIA' ITF)
SUD,CALABRIA,COSENZA,CSIS028006,IIS CETRARO LC-ISA-ITA-ITT-LS-IPSIA-,CSTN02801A,ITT -TRASPORTI E LOGISTICA - ACQUAPPESA,A041,ACQUAPPESA,NORMALE,ISTITUTO TECNICO PER IL TURISMO
ISOLE,SICILIA,CATANIA,CTIS03400L,I.S. DE FELICE GIUFFRIDA - OLIVETTI,CTRC03401G,IPS A. OLIVETTI,C351,CATANIA,NORMALE,IST PROF PER I SERVIZI COMMERCIALI E TURISTICI
ISOLE,SICILIA,CATANIA,CTIS024002,"I.I.S. ""C. A. DALLA CHIESA""",CTRI02402P,CASA CIRCONDARIALE,B428,CALTAGIRONE,SPEC. PER CARCERARI,IST PROF INDUSTRIA E ARTIGIANATO
SUD,CALABRIA,CATANZARO,CZIS01700G,"I.I.S. ""PETRUCCI-FERRARIS-MARESCA""",CZRI01751L,"IPSIA ""G.FERRARIS"" CATANZARO SERALE IS",C352,CATANZARO,PERCORSO II LIVELLO,IST PROF INDUSTRIA E ARTIGIANATO
SUD,CALABRIA,CATANZARO,CZIS019007,IIS POLO TECNOLOGICO IND.ED ARTIG.AVANZ.,CZRI01901V,POLO TECNOLOGICO,M208,LAMEZIA TERME,NORMALE,IST PROF INDUSTRIA E ARTIGIANATO
SUD,CALABRIA,CATANZARO,CZIS021007,"I.I.S. ""V.EMANUELE II""",CZTA021013,"POLO DID.CAR.C.CIR.""UGO CARIDI""I.TECNICO",C352,CATANZARO,SPEC. PER CARCERARI,ISTITUTO TECNICO AGRARIO
NORD EST,EMILIA ROMAGNA,FERRARA,FEIS00600L,"I.S.I.T. ""U.BASSI - P.BURGATTI""",FETD00601V,"I.T.C.S. ""P.BURGATTI""",C469,CENTO,NORMALE,ISTITUTO TECNICO COMMERCIALE
NORD EST,EMILIA ROMAGNA,FERRARA,FEIS008008,IST.ISTRUZ.SUP.'REMO BRINDISI',FETD00801E,IST. TECNICO SETTORE ECONOMICO,C912,COMACCHIO,NORMALE,ISTITUTO TECNICO COMMERCIALE
SUD,PUGLIA,FOGGIA,FGPM03000E,"LICEO ""CAROLINA POERIO""",FGPM03000E,"LICEO ""CAROLINA POERIO""",D643,FOGGIA,NORMALE,ISTITUTO MAGISTRALE
SUD,PUGLIA,FOGGIA,FGIS01100P,"I.I.S.S. ""G. PAVONCELLI""",FGRI01150P,"I.P. ""G. PAVONCELLI"" SERALE",C514,CERIGNOLA,PERCORSO II LIVELLO,IST PROF INDUSTRIA E ARTIGIANATO
SUD,PUGLIA,FOGGIA,FGRI16000B,"I.P. ""P.G. FRASSATI"" - I.OC. ""M.L. KING""",FGRI16002D,"I.P. ANZANO DI PUGLIA-I.OC. ""M.L. KING""",A320,ANZANO DI PUGLIA,NORMALE,IST PROF INDUSTRIA E ARTIGIANATO
SUD,PUGLIA,FOGGIA,FGIS044002,"I.I.S.S. ""FIANI - LECCISOTTI""",FGTD044029,"I.T.E. ""LECCISOTTI"" - TORREMAGGIORE",L273,TORREMAGGIORE,NORMALE,ISTITUTO TECNICO COMMERCIALE
CENTRO,TOSCANA,FIRENZE,FIIS01700A,IS LEONARDO DA VINCI,FIRI017012,LEONARDO DA VINCI,D612,FIRENZE,NORMALE,IST PROF INDUSTRIA E ARTIGIANATO
NORD EST,EMILIA ROMAGNA,FORLI'-CESENA,FOPS010006,"L.SCIENTIFICO ""RIGHI""",FOPS010006,"L.SCIENTIFICO ""RIGHI""",C573,CESENA,NORMALE,LICEO SCIENTIFICO
NORD EST,EMILIA ROMAGNA,FORLI'-CESENA,FORF040008,"I. P. ""RUFFILLI""",FORF040008,"I. P. ""RUFFILLI""",D704,FORLI',NORMALE,IST PROF PER I SERVIZI SOCIALI
NORD EST,EMILIA ROMAGNA,FORLI'-CESENA,FOIS001002,MARIE CURIE,FOTF00101E,"I.T.I. ""M. CURIE""",I472,SAVIGNANO SUL RUBICONE,NORMALE,ISTITUTO TECNICO INDUSTRIALE
CENTRO,LAZIO,FROSINONE,FRIS01100Q,"I.I.S. ""A.G. BRAGAGLIA"" FROSINONE",FRRI01101B,IPSIA G GALILEI,D810,FROSINONE,NORMALE,IST PROF INDUSTRIA E ARTIGIANATO
CENTRO,LAZIO,FROSINONE,FRIS028005,"I.I.S. ""MED. ORO CITTA DI CASSINO""",FRTD02851R,VIA GARI SNC,C034,CASSINO,PERCORSO II LIVELLO,ISTITUTO TECNICO COMMERCIALE
NORD OVEST,LIGURIA,GENOVA,GEPS030003,LS G.D.CASSINI -,GEPS030003,LS G.D.CASSINI -,D969,GENOVA,NORMALE,LICEO SCIENTIFICO
NORD OVEST,LIGURIA,GENOVA,GEIS012004,B.MARSANO,GERA012014,IPSAA B.MARSANO,D969,GENOVA,NORMALE,IST PROF PER L'AGRICOLTURA E L'AMBIENTE
NORD OVEST,LIGURIA,GENOVA,GERH01000G,IPSSA M.POLO,GERH01000G,IPSSA M.POLO,D969,GENOVA,NORMALE,IST PROF PER I SERVIZI ALBERGHIERI E RISTORAZIONE
NORD OVEST,LIGURIA,GENOVA,GERH01000G,IPSSA M.POLO,GERH01001L,I.P.S.S.A.R.M.POLO/CAMOGLI,B490,CAMOGLI,NORMALE,IST PROF PER I SERVIZI ALBERGHIERI E RISTORAZIONE
NORD OVEST,LIGURIA,GENOVA,GERH01000G,IPSSA M.POLO,GERH010501,I.P.S.S.A.R. - M.POLO/SERALE,D969,GENOVA,PERCORSO II LIVELLO,IST PROF PER I SERVIZI ALBERGHIERI E RISTORAZIONE
NORD OVEST,LIGURIA,GENOVA,GEIS01300X,LICETI,GERI01350X,I.P.S.I.A. LICETI SERALE,H183,RAPALLO,PERCORSO II LIVELLO,IST PROF INDUSTRIA E ARTIGIANATO
NORD OVEST,LIGURIA,GENOVA,GEIS012004,B.MARSANO,GETA012021,IST.TEC.TECN. MARSANO/SAN COLOMBANO,H802,SAN COLOMBANO CERTENOLI,NORMALE,ISTITUTO TECNICO AGRARIO
NORD OVEST,LIGURIA,GENOVA,GEIS00600R,IS VITTORIO EMANUELE II-RUFFINI,GETD006013,I.T.S. - VITTORIO EMANUELE II -,D969,GENOVA,NORMALE,ISTITUTO TECNICO COMMERCIALE
NORD OVEST,LIGURIA,GENOVA,GEIS01400Q,I.S. I. CALVINO,GETF014018,LICEO E ITS I. CALVINO,D969,GENOVA,NORMALE,ISTITUTO TECNICO INDUSTRIALE
NORD OVEST,LIGURIA,GENOVA,GETH020002,"I.T.T.L. ""NAUTICO SAN GIORGIO""",GETH020002,"I.T.T.L. ""NAUTICO SAN GIORGIO""",D969,GENOVA,NORMALE,ISTITUTO TECNICO NAUTICO
NORD EST,FRIULI-VENEZIA G.,GORIZIA,GOIS00300T,ISIS R.M. COSSAR-L. DA VINCI,GORI00301D,L. DA VINCI,E098,GORIZIA,NORMALE,IST PROF INDUSTRIA E ARTIGIANATO
NORD EST,FRIULI-VENEZIA G.,GORIZIA,GOIS01100R,"I.S.I.S. ""S. PERTINI"" MONFALCONE",GORM01101X,IST. PROF. SERVIZI DI ENOGASTRONOMIA,E125,GRADO,NORMALE,IST PROF INDUSTRIA E ATTIVITA' MARINARE
NORD EST,FRIULI-VENEZIA G.,GORIZIA,GOIS006009,IS G. BRIGNOLI - L. EINAUDI - G. MARCONI,GOTA006015,ITA GIOVANNI BRIGNOLI,E124,GRADISCA D'ISONZO,NORMALE,ISTITUTO TECNICO AGRARIO
CENTRO,TOSCANA,GROSSETO,GRIS003001,"IST. STAT.ISTR.SUP. ""POLO AMIATA OVEST""",GRTD003028,"""PADRE E.BALDUCCI"" SANTA FIORA",I187,SANTA FIORA,NORMALE,ISTITUTO TECNICO COMMERCIALE
CENTRO,TOSCANA,GROSSETO,GRIS01200Q,POLO BIANCIARDI GROSSETO,GRTF012018,TECNICO GRAFICA E COMUNICAZIONE,E202,GROSSETO,NORMALE,ISTITUTO TECNICO INDUSTRIALE
CENTRO,TOSCANA,GROSSETO,GRIS00900X,IST. SUP. -R.DEL ROSSO G. DA VERRAZZANO,GRTH00901X,"IST.TECN.NAUTICO ""G.DA VERRAZZANO""",F437,MONTE ARGENTARIO,NORMALE,ISTITUTO TECNICO NAUTICO
NORD OVEST,LIGURIA,IMPERIA,IMIS006008,"""G.RUFFINI""",IMTD00601E,RUFFINI - AFM E CAT,E290,IMPERIA,NORMALE,IST TEC COMMERCIALE E PER GEOMETRI
SUD,MOLISE,ISERNIA,ISIS01400C,"ISIS "" CUOCO/MANUPPELLA""",ISPM01401X,"IST.MAG.LE ""V. CUOCO"" ISERNIA",E335,ISERNIA,NORMALE,ISTITUTO MAGISTRALE
SUD,MOLISE,ISERNIA,ISIS016004,ISTITUTO OMNICOMPRENSIVO AGNONE,ISRH016018,IPSEOA SAN FRANCESCO CARACCIOLO,A080,AGNONE,NORMALE,IST PROF PER I SERVIZI ALBERGHIERI E RISTORAZIONE
SUD,MOLISE,ISERNIA,ISIS003002,"ISTITUTO OMNICOMPRENSIVO ""A. GIORDANO""",ISTD003018,E.DE NICOLA,L725,VENAFRO,NORMALE,IST TEC COMMERCIALE E PER GEOMETRI
SUD,MOLISE,ISERNIA,ISIS01300L,"ISIS ""FERMI/MATTEI"" ISERNIA",ISTD01301V,"ITCG ""E.FERMI"" ISERNIA",E335,ISERNIA,NORMALE,IST TEC COMMERCIALE E PER GEOMETRI
SUD,MOLISE,ISERNIA,ISIS01300L,"ISIS ""FERMI/MATTEI"" ISERNIA",ISTF013015,"ITIS ""E.MATTEI"" ISERNIA",E335,ISERNIA,NORMALE,ISTITUTO TECNICO INDUSTRIALE
SUD,CALABRIA,CROTONE,KRPM010006,"LICEO ""G. V. GRAVINA""",KRPM010006,"LICEO ""G. V. GRAVINA""",D122,CROTONE,NORMALE,ISTITUTO MAGISTRALE
NORD OVEST,LOMBARDIA,LECCO,LCPS020004,M.G. AGNESI,LCPS020004,M.G. AGNESI,F133,MERATE,NORMALE,LICEO SCIENTIFICO
NORD OVEST,LOMBARDIA,LECCO,LCIS008004,"I.I.S. ""LORENZO ROTA"" DI CALOLZIOCORTE",LCTD00801A,I.T.C.G.AMM.FIN.MARK.-COST.NI AMB.TERRIT,B423,CALOLZIOCORTE,NORMALE,ISTITUTO TECNICO COMMERCIALE
SUD,PUGLIA,LECCE,LEIS04400C,"I.I.S.S. ""F. CALASSO""",LEPM04401X,LICEO SCIENZE UMANE - OPZ.ECON.SOCIALE,E506,LECCE,NORMALE,ISTITUTO MAGISTRALE
SUD,PUGLIA,LECCE,LEIS02100Q,"I.I.S.S. ""EGIDIO LANOCE""",LERI02101B,"I.P.S.I.A ""EGIDIO LANOCE""",E815,MAGLIE,NORMALE,IST PROF INDUSTRIA E ARTIGIANATO
SUD,PUGLIA,LECCE,LEIS04200R,"I.I.S.S. ""GALILEI-COSTA-SCARAMBONE""",LERI04251T,"I.S.I.S.S. ""L. SCARAMBONE"" -CORSO SERALE",E506,LECCE,PERCORSO II LIVELLO,IST PROF INDUSTRIA E ARTIGIANATO
SUD,PUGLIA,LECCE,LEIS00100E,"IISS LECCE ""PRESTA-COLUMELLA """,LETA00151Q,TECNICO SERALE - VIA SAN PIETRO IN LAMA,E506,LECCE,PERCORSO II LIVELLO,ISTITUTO TECNICO AGRARIO
SUD,PUGLIA,LECCE,LETD08000R,"I.T.E. ""A. OLIVETTI""",LETD080506,TECNICO SERALE - VIA MARUGI,E506,LECCE,PERCORSO II LIVELLO,ISTITUTO TECNICO COMMERCIALE
CENTRO,TOSCANA,LIVORNO,LIIS00200N,"""MARCO POLO""",LIRC002501,I. P. PER I SERVIZI COMM.- CORSO SERALE,C415,CECINA,PERCORSO II LIVELLO,IST PROF PER I SERVIZI COMMERCIALI
CENTRO,TOSCANA,LIVORNO,LIIS006001,MATTEI,LITF00601D,MATTEI,H570,ROSIGNANO MARITTIMO,NORMALE,ISTITUTO TECNICO INDUSTRIALE
CENTRO,LAZIO,LATINA,LTIS01600E,SAN BENEDETTO,LTRA01602G,SAN BENEDETTO,E472,LATINA,CONVITTO ANNESSO,IST PROF PER L'AGRICOLTURA E L'AMBIENTE
CENTRO,TOSCANA,LUCCA,LUIS01200P,"ISI ""S.PERTINI""",LURC01201N,"ISI ""S.PERTINI"" SERVIZI COMMERCIALI",E715,LUCCA,NORMALE,IST PROF PER I SERVIZI COMMERCIALI E TURISTICI
NORD OVEST,LOMBARDIA,MONZA E DELLA BRIANZA,MBIS073006,"IIS ""LUIGI CASTIGLIONI""",MBRA073016,"I.I.S. ""L. CASTIGLIONI""",E591,LIMBIATE,NORMALE,IST PROF PER L'AGRICOLTURA
CENTRO,MARCHE,MACERATA,MCPC04000Q,"""GIACOMO LEOPARDI"" DI MACERATA",MCPC04001R,GIACOMO LEOPARDI SEZ. ASS. CINGOLI,C704,CINGOLI,NORMALE,LICEO CLASSICO
CENTRO,MARCHE,MACERATA,MCIS01100D,"""BONIFAZI-CORRIDONI""",MCRC01101C,"""BONIFAZI-CORRIDONI"" SEDE CIVITANOVA",C770,CIVITANOVA MARCHE,NORMALE,IST PROF PER I SERVIZI COMM TUR E DELLA PUBB
CENTRO,MARCHE,MACERATA,MCRI05000P,"""DON E. POCOGNONI""",MCRI05002R,"IPSIA ""GILBERTO ERCOLI"" CAMERINO",B474,CAMERINO,NORMALE,IST PROF INDUSTRIA E ARTIGIANATO
ISOLE,SICILIA,MESSINA,MEIS00200X,"I.S.""G.B. IMPALLOMENI""",MEPS00201A,ANTONIO MEUCCI,F206,MILAZZO,NORMALE,LICEO SCIENTIFICO
ISOLE,SICILIA,MESSINA,MEIS03200Q,ISTITUTO SUPERIORE CAMINITI-TRIMARCHI,MEPS032038,CARMELO CAMINITI,D765,FRANCAVILLA DI SICILIA,NORMALE,LICEO SCIENTIFICO
NORD OVEST,LOMBARDIA,MILANO,MIPS37000T,L. SCIENTIFICO - R.DONATELLI-B.PASCAL,MIPS37000T,L. SCIENTIFICO - R.DONATELLI-B.PASCAL,F205,MILANO,NORMALE,LICEO SCIENTIFICO
NORD OVEST,LOMBARDIA,MILANO,MIIS07700L,G. GALILEI,MIRC07701G,I.P. - G. GALILEI,F205,MILANO,NORMALE,IST PROF PER I SERVIZI COMMERCIALI
NORD OVEST,LOMBARDIA,MILANO,MIIS079008,CATERINA DA SIENA,MIRC079017,I.P. - CATERINA DA SIENA,F205,MILANO,NORMALE,IST PROF PER I SERVIZI COMMERCIALI
NORD OVEST,LOMBARDIA,MILANO,MIIS08900V,G. PUECHER - A. OLIVETTI,MIRC08901T,I.P. -G. PUECHER-A. OLIVETTI(SUCCURSALE),H264,RHO,NORMALE,IST PROF PER I SERVIZI COMMERCIALI
NORD OVEST,LOMBARDIA,MILANO,MIIS038002,G. L. LAGRANGE,MIRH038016,I.P. - G. L. LAGRANGE,F205,MILANO,NORMALE,IST PROF PER I SERVIZI ALBERGHIERI E RISTORAZIONE
NORD OVEST,LOMBARDIA,MILANO,MIIS08900V,G. PUECHER - A. OLIVETTI,MIRI08901E,I.P. - G. PUECHER - A. OLIVETTI,H264,RHO,NORMALE,IST PROF INDUSTRIA E ARTIGIANATO
NORD OVEST,LOMBARDIA,MILANO,MITD450009,LICEO E ISTITUTO TECNICO-E. DA ROTTERDAM,MITD450009,LICEO E ISTITUTO TECNICO-E. DA ROTTERDAM,A940,BOLLATE,NORMALE,ISTITUTO TECNICO COMMERCIALE
NORD OVEST,LOMBARDIA,MILANO,MITE01000V,ISTITUTO TECNICO E LICEO - G. NATTA,MITE01000V,ISTITUTO TECNICO E LICEO - G. NATTA,F205,MILANO,NORMALE,ISTITUTO TECNICO PER ATTIVITA' SOCIALI (GIA' ITF)
NORD OVEST,LOMBARDIA,MILANO,MITF290008,ISTITUTO TECNICO E LICEO - E. CONTI,MITF290008,ISTITUTO TECNICO E LICEO - E. CONTI,F205,MILANO,NORMALE,ISTITUTO TECNICO INDUSTRIALE
NORD OVEST,LOMBARDIA,MANTOVA,MNIS00200Q,G. GALILEI,MNTF002018,ITIS GALILEI OSTIGLIA,G186,OSTIGLIA,NORMALE,ISTITUTO TECNICO INDUSTRIALE
NORD EST,EMILIA ROMAGNA,MODENA,MORC08000G,CATTANEO DELEDDA- SOCIO COMM ARTIGIAN.,MORC08000G,CATTANEO DELEDDA- SOCIO COMM ARTIGIAN.,F257,MODENA,NORMALE,IST PROF PER I SERVIZI COMMERCIALI E TURISTICI
NORD EST,EMILIA ROMAGNA,MODENA,MOIS00200C,PRIMO LEVI,MORI002014,PRIMO LEVI,L885,VIGNOLA,NORMALE,IST PROF INDUSTRIA E ARTIGIANATO
NORD EST,EMILIA ROMAGNA,MODENA,MOIS01900T,A. VOLTA,MORI01901D,"VOLTA"" - SEZ. PROFESSIONALE",I462,SASSUOLO,NORMALE,IST PROF INDUSTRIA E ARTIGIANATO
NORD EST,EMILIA ROMAGNA,MODENA,MOIS02200N,"I.I.S. ""A.VENTURI""",MOSD02201E,"I.I.S. ""A.VENTURI"" - CORSO LICEALE",F257,MODENA,SCUOLA ANNESSA,ISTITUTO D'ARTE
CENTRO,TOSCANA,MASSA-CARRARA,MSPS020002,"LIC. SCIENTIFICO ""MARCONI""",MSPS020002,"LIC. SCIENTIFICO ""MARCONI""",B832,CARRARA,NORMALE,LICEO SCIENTIFICO
CENTRO,TOSCANA,MASSA-CARRARA,MSIS014009,"IS ""GENTILESCHI""",MSRI014011,"ISTITUTO DEL MARMO ""TACCA"" - CARRARA",B832,CARRARA,CONVITTO ANNESSO,IST PROF INDUSTRIA E ARTIGIANATO
CENTRO,TOSCANA,MASSA-CARRARA,MSIS01800L,"IS ""MEUCCI""",MSTF018015,"""MEUCCI"" IST. TECN. E LIC. SCIENTIFICO",F023,MASSA,NORMALE,ISTITUTO TECNICO INDUSTRIALE
SUD,BASILICATA,MATERA,MTIS00100A,"I.I.S.""PITAGORA"" -MONTALBANO JONICO",MTPS00101R,LS SCANZANO JONICO - I.I.S.PITAGORA M.J,M256,SCANZANO JONICO,NORMALE,LICEO SCIENTIFICO
SUD,BASILICATA,MATERA,MTIS00400T,"I.I.S.""CARLO LEVI"" -TRICARICO",MTPS004029,"L.SCIENT. ASS. A IIS ""C.LEVI"" -IRSINA",E326,IRSINA,NORMALE,LICEO SCIENTIFICO
SUD,BASILICATA,MATERA,MTIS016004,IIS BERNALDA FERRANDINA,MTRI016504,IP IND.ART.F. CORSO SERALE -FERRANDINA,D547,FERRANDINA,PERCORSO II LIVELLO,IST PROF INDUSTRIA E ARTIGIANATO
SUD,BASILICATA,MATERA,MTIS01800Q,"IIS ""PITAGORA"" - POLICORO",MTRI01801B,"I.P.IND.E ART. ""PITAGORA"" -POLICORO",G786,POLICORO,NORMALE,IST PROF INDUSTRIA E ARTIGIANATO
SUD,BASILICATA,MATERA,MTTD06000B,"I.T.COMM.GEOM.""LOPERFIDO - OLIVETTI""-MT",MTTD06000B,"I.T.COMM.GEOM.""LOPERFIDO - OLIVETTI""-MT",F052,MATERA,NORMALE,IST TEC COMMERCIALE E PER GEOMETRI
SUD,CAMPANIA,NAPOLI,NAIS00700X,I.S.- IPCT MUNTHE ANACAPRI,NAPC007017,LICEO CLASSICO AXEL MUNTHE,B696,CAPRI,NORMALE,LICEO CLASSICO
SUD,CAMPANIA,NAPOLI,NAIS112008,IS..CESARO-VESEVUS,NAPS11201P,"LICEO SOCIOPSICOPEDAGOGICO "" VESEVUS"" BO",B076,BOSCOREALE,NORMALE,LICEO SCIENTIFICO
SUD,CAMPANIA,NAPOLI,NAPS43000T,LICEO SCIENTIFICO - ARZANO,NAPS43000T,LICEO SCIENTIFICO - ARZANO,A455,ARZANO,NORMALE,LICEO SCIENTIFICO
SUD,CAMPANIA,NAPOLI,NAIS092008,"I.I.S. ""DON GEREMIA PISCOPO"" - ARZANO",NARC092017,"I.P. ""DON GEREMIA PISCOPO"" - ARZANO",A455,ARZANO,NORMALE,IST PROF PER I SERVIZI COMMERCIALI
SUD,CAMPANIA,NAPOLI,NARH01000V,"IPSEOA ""I. CAVALCANTI"" NAPOLI",NARH01000V,"IPSEOA ""I. CAVALCANTI"" NAPOLI",F839,NAPOLI,NORMALE,IST PROF PER I SERVIZI ALBERGHIERI E RISTORAZIONE
SUD,CAMPANIA,NAPOLI,NARH04000P,"I.P.S. ""V. TELESE"" ISCHIA",NARH040504,"IPSSEOA "" TELESE"" SERALE",E329,ISCHIA,PERCORSO II LIVELLO,IST PROF PER I SERVIZI ALBERGHIERI E RISTORAZIONE
SUD,CAMPANIA,NAPOLI,NAIS12200V,IST.SUP. F. DE GENNARO,NARH122013,IPSSAR F. DE GENNARO,L845,VICO EQUENSE,NORMALE,IST PROF PER I SERVIZI ALBERGHIERI E RISTORAZIONE
SUD,CAMPANIA,NAPOLI,NAIS08900C,"I.I.S."" G.MARCONI""-T.ANN.TA-",NARI089014,IPIA MARCONI-G.GALILEI-T.ANN.TA-,L245,TORRE ANNUNZIATA,NORMALE,IST PROF INDUSTRIA E ARTIGIANATO
SUD,CAMPANIA,NAPOLI,NAIS13700L,ISTITUTO SUPERIORE GUGLIELMO MARCONI,NARI13751N,IPSIA G.MARCONI(SC),E054,GIUGLIANO IN CAMPANIA,PERCORSO II LIVELLO,IST PROF INDUSTRIA E ARTIGIANATO
SUD,CAMPANIA,NAPOLI,NAIS141008,I S BERNINI -DE SANCTIS,NARI14101X,I.S. BERNINI - DE SANCTIS NAPOLI- IPIA,F839,NAPOLI,NORMALE,IST PROF INDUSTRIA E ARTIGIANATO
SUD,CAMPANIA,NAPOLI,NAIS048006,I.S.F.DEGNI-T.GRECO-,NASD048013,ISTITUTO D'ARTE TORRE DEL GRECO,L259,TORRE DEL GRECO,NORMALE,ISTITUTO D'ARTE
SUD,CAMPANIA,NAPOLI,NASD13000N,LICEO ARTISTICO STATALE UMBERTO BOCCIONI,NASD13000N,LICEO ARTISTICO STATALE UMBERTO BOCCIONI,F839,NAPOLI,NORMALE,ISTITUTO D'ARTE
SUD,CAMPANIA,NAPOLI,NAIS13800C,"I.S. "" C.A.DALLA CHIESA "" - AFRAGOLA-",NATD13801P,I.T. C.A.DALLA CHIESA - AFRAGOLA-,A064,AFRAGOLA,NORMALE,IST TEC COMMERCIALE E PER GEOMETRI
SUD,CAMPANIA,NAPOLI,NAIS09100C,"I.I. SUPERIORE "" GUIDO TASSINARI""",NATF091011,"ISTITUTO SUPERIORE "" GUIDO TASSINARI""",G964,POZZUOLI,NORMALE,ISTITUTO TECNICO INDUSTRIALE
SUD,CAMPANIA,NAPOLI,NAIS139008,"I.I.S.S. ""L. DA VINCI"" - NAPOLI",NATF13901R,"I.T.I.S. ""L. DA VINCI"" - NAPOLI",F839,NAPOLI,NORMALE,ISTITUTO TECNICO INDUSTRIALE
ISOLE,SARDEGNA,NUORO,NUIS006008,L.SC.-A.BUSINCO-JERZU,NUTD00601E,I.T.C. JERZU,E387,JERZU,NORMALE,ISTITUTO TECNICO COMMERCIALE
ISOLE,SARDEGNA,ORISTANO,ORIS00600Q,"ISTITUTO TECNICO ""LORENZO MOSSA""",ORTD00651B,"I.T.C. ""L.MOSSA"" CORSO SERALE",G113,ORISTANO,PERCORSO II LIVELLO,ISTITUTO TECNICO COMMERCIALE
ISOLE,SICILIA,PALERMO,PAIS00200N,MANDRALISCA,PAPC002011,MANDRALISCA,C421,CEFALU',NORMALE,LICEO CLASSICO
ISOLE,SICILIA,PALERMO,PARH02000A,"I.P.S.S.E.O.A. ""PIETRO PIAZZA""",PARH02000A,"I.P.S.S.E.O.A. ""PIETRO PIAZZA""",G273,PALERMO,NORMALE,IST PROF PER I SERVIZI ALBERGHIERI E RISTORAZIONE
ISOLE,SICILIA,PALERMO,PAIS02400E,E. MEDI,PARI024027,E. MEDI,G273,PALERMO,NORMALE,IST PROF INDUSTRIA E ARTIGIANATO
ISOLE,SICILIA,PALERMO,PAIS034005,ISTITUTO SUPERIORE O.M.CORBINO PARTINICO,PARI03401R,ISTITUTO SUPERIORE O.M.CORBINO PARTINICO,G348,PARTINICO,NORMALE,IST PROF INDUSTRIA E ARTIGIANATO
ISOLE,SICILIA,PALERMO,PAIS027002,A. VOLTA,PATF02701E,A. VOLTA,G273,PALERMO,NORMALE,ISTITUTO TECNICO INDUSTRIALE
ISOLE,SICILIA,PALERMO,PAIS01100C,I.I.S.S. LERCARA FRIDDI,PATL01150D,ITG. VICARI,L837,VICARI,PERCORSO II LIVELLO,ISTITUTO TECNICO PER GEOMETRI
ISOLE,SICILIA,PALERMO,PAIS033009,V.RAGUSA E OTAMA KIYOHARA - F.PARLATORE,PATL033012,FILIPPO - PARLATORE,G273,PALERMO,NORMALE,ISTITUTO TECNICO PER GEOMETRI
NORD EST,EMILIA ROMAGNA,PIACENZA,PCIS007002,IS TRAMELLO CASSINARI,PCTL007514,ALESSIO TRAMELLO (SERALE),G535,PIACENZA,PERCORSO II LIVELLO,ISTITUTO TECNICO PER GEOMETRI
NORD EST,VENETO,PADOVA,PDIS01400Q,IIS I.NEWTON-PERTINI CAMPOSAMPIERO,PDPC014013,L.L. (S.A.NEWTON-PERTINI CSP),B563,CAMPOSAMPIERO,NORMALE,LICEO CLASSICO
NORD EST,VENETO,PADOVA,PDIS003009,"""CATTANEO-MATTEI""",PDPS00302R,L.S. MATTEI (S.A. IS MONSELICE-CONSELVE),C964,CONSELVE,NORMALE,LICEO SCIENTIFICO
NORD EST,VENETO,PADOVA,PDIS02200P,IIS U.RUZZA-PADOVA,PDRI02251Q,IPIA SERALE (S.A RUZZA-PD),G224,PADOVA,PERCORSO II LIVELLO,IST PROF INDUSTRIA E ARTIGIANATO
NORD EST,VENETO,PADOVA,PDRI07000P,"I.P.I.A.""E. BERNARDI"" - PD",PDRI07000P,"I.P.I.A.""E. BERNARDI"" - PD",G224,PADOVA,NORMALE,IST PROF INDUSTRIA E ARTIGIANATO
SUD,ABRUZZO,PESCARA,PEPS05000V,"L.SCIENTIFICO ""C.D'ASCANIO"" MONTESILVANO",PEPS05000V,"L.SCIENTIFICO ""C.D'ASCANIO"" MONTESILVANO",F646,MONTESILVANO,NORMALE,LICEO SCIENTIFICO
SUD,ABRUZZO,PESCARA,PEIS001008,I. OMNICOMPRENSIVO POPOLI,PERI00101X,"IPIA ""A.DI SAVOIA""POPOLI",G878,POPOLI,NORMALE,IST PROF INDUSTRIA E ARTIGIANATO
SUD,ABRUZZO,PESCARA,PERI03000V,"IPSIA ""DI MARZIO-MICHETTI"" PESCARA",PERI03000V,"IPSIA ""DI MARZIO-MICHETTI"" PESCARA",G482,PESCARA,NORMALE,IST PROF INDUSTRIA E ARTIGIANATO
SUD,ABRUZZO,PESCARA,PEIS01100V,"IIS ""L. DA PENNE""- ""M. DEI FIORI"" PENNE",PESL011016,"L. ARTISTICO ""MARIO DEI FIORI"" PENNE",G438,PENNE,NORMALE,LICEO ARTISTICO
SUD,ABRUZZO,PESCARA,PETD03000D,"ITC-ITT-ITG ""G. MARCONI"" - PENNE",PETD03000D,"ITC-ITT-ITG ""G. MARCONI"" - PENNE",G438,PENNE,NORMALE,IST TEC COMMERCIALE E PER GEOMETRI
SUD,ABRUZZO,PESCARA,PEIS00600B,"IIS ""A. VOLTA"" PESCARA",PETF00601X,"ITI ""A. VOLTA"" PESCARA",G482,PESCARA,NORMALE,ISTITUTO TECNICO INDUSTRIALE
CENTRO,UMBRIA,PERUGIA,PGIS026007,"I.I.S. ""SANSI-LEONARDI-VOLTA""",PGPC02601E,"""PONTANO-SANSI""",I921,SPOLETO,NORMALE,LICEO CLASSICO
CENTRO,UMBRIA,PERUGIA,PGIS00300E,"I.O. ""SALVATORELLI-MONETA""",PGPS003011,"""SALVATORELLI-MONETA"" LICEO",E975,MARSCIANO,NORMALE,LICEO SCIENTIFICO
CENTRO,UMBRIA,PERUGIA,PGIS00400A,"""ITALO CALVINO"" CITTA' DELLA PIEVE",PGRC004019,CITTA' DELLA PIEVE,C744,CITTA' DELLA PIEVE,NORMALE,IST PROF PER I SERVIZI COMMERCIALI
CENTRO,UMBRIA,PERUGIA,PGIS014001,"I.I.S. ""LEONARDO DA VINCI""",PGRC01401X,UMBERTIDE,D786,UMBERTIDE,NORMALE,IST PROF PER I SERVIZI COMMERCIALI E TURISTICI
CENTRO,UMBRIA,PERUGIA,PGIS02900P,"""M. POLO - R. BONGHI""",PGRC02901N,IST. PROF.LE PER I SERVIZI COMMERCIALI,A710,BASTIA UMBRA,NORMALE,IST PROF PER I SERVIZI COMMERCIALI E TURISTICI
CENTRO,UMBRIA,PERUGIA,PGIS02800V,"I.I.S. ""PATRIZI-BALDELLI-CAVALLOTTI""",PGRH028013,"""F. CAVALLOTTI""",C745,CITTA' DI CASTELLO,NORMALE,IST PROF PER I SERVIZI ALBERGHIERI E RISTORAZIONE
CENTRO,UMBRIA,PERUGIA,PGTA020003,S.ANATOLIA DI NARCO,PGTA020003,S.ANATOLIA DI NARCO,C527,CERRETO DI SPOLETO,NORMALE,ISTITUTO TECNICO AGRARIO
CENTRO,UMBRIA,PERUGIA,PGIS01100D,"I.I.S. ""CIUFFELLI - EINAUDI""",PGTD011515,"ISTITUTO ISTR.SUP.""CIUFFELLI- EINAUDI""",L188,TODI,PERCORSO II LIVELLO,IST TEC COMMERCIALE E PER GEOMETRI
CENTRO,UMBRIA,PERUGIA,PGTD12000A,MAGIONE,PGTD12000A,MAGIONE,E805,MAGIONE,NORMALE,ISTITUTO TECNICO COMMERCIALE
CENTRO,TOSCANA,PISA,PIPM030002,GIOSUE' CARDUCCI,PIPM030002,GIOSUE' CARDUCCI,G702,PISA,NORMALE,ISTITUTO MAGISTRALE
CENTRO,TOSCANA,PISA,PITD070007,CARLO CATTANEO,PITD070007,CARLO CATTANEO,I046,SAN MINIATO,NORMALE,ISTITUTO TECNICO COMMERCIALE
NORD EST,FRIULI-VENEZIA G.,PORDENONE,PNIS00200X,IS G.A. PUJATI,PNPM00201B,"""G.A. PUJATI""",H657,SACILE,NORMALE,ISTITUTO MAGISTRALE
NORD EST,FRIULI-VENEZIA G.,PORDENONE,PNIS00300Q,IS E. TORRICELLI,PNPS003016,E. TORRICELLI,E889,MANIAGO,NORMALE,LICEO SCIENTIFICO
NORD EST,FRIULI-VENEZIA G.,PORDENONE,PNPS010008,LS M. GRIGOLETTI,PNPS010008,LS M. GRIGOLETTI,G888,PORDENONE,NORMALE,LICEO SCIENTIFICO
NORD EST,FRIULI-VENEZIA G.,PORDENONE,PNIS00300Q,IS E. TORRICELLI,PNRI00301B,L. ZANUSSI,E889,MANIAGO,NORMALE,IST PROF INDUSTRIA E ARTIGIANATO
NORD EST,FRIULI-VENEZIA G.,PORDENONE,PNIS00900P,"I.S.I.S. ""L. ZANUSSI""",PNRI00901A,IPSIA L. ZANUSSI,G888,PORDENONE,NORMALE,IST PROF INDUSTRIA E ARTIGIANATO
NORD EST,FRIULI-VENEZIA G.,PORDENONE,PNIS01200E,"I.S.I.S. ""MATTIUSSI - PERTINI""",PNTL01251L,ITG SANDRO PERTINI SERALE,G888,PORDENONE,PERCORSO II LIVELLO,ISTITUTO TECNICO PER GEOMETRI
NORD EST,EMILIA ROMAGNA,PARMA,PRPS030009,"""MARCONI""",PRPS030009,"""MARCONI""",G337,PARMA,NORMALE,LICEO SCIENTIFICO
CENTRO,MARCHE,PESARO E URBINO,PSIS00100B,"OMNICOMPRENSIVO ""MONTEFELTRO""",PSRF001014,"I.P.S.S.A.S. ""MONTEFELTRO""",M413,SASSOCORVARO AUDITORE,NORMALE,IST PROF PER I SERVIZI SOCIALI
CENTRO,MARCHE,PESARO E URBINO,PSSD07000N,"LICEO ARTISTICO ""F. MENGARONI""",PSSD07000N,"LICEO ARTISTICO ""F. MENGARONI""",G479,PESARO,SCUOLA ANNESSA,ISTITUTO D'ARTE
CENTRO,MARCHE,PESARO E URBINO,PSIS01300N,"I.I.S. ""ANTONIO CECCHI""",PSTA01301D,"I.T.A. ""A. CECCHI""",G479,PESARO,CONVITTO ANNESSO,ISTITUTO TECNICO AGRARIO
CENTRO,MARCHE,PESARO E URBINO,PSIS003003,"I.I.S. ""POLO 3""",PSTD003019,POLO3 - TECNICO ECONOMICO E TURISTICO,D488,FANO,NORMALE,ISTITUTO TECNICO COMMERCIALE
CENTRO,MARCHE,PESARO E URBINO,PSTD10000N,"I.T.E.T. ""BRAMANTE-GENGA""",PSTD100503,ITET BRAMANTE GENGA -SERALE,G479,PESARO,PERCORSO II LIVELLO,IST TEC COMMERCIALE E PER GEOMETRI
CENTRO,TOSCANA,PISTOIA,PTRA010008,"IST.PROF ""DE' FRANCESCHI - A.PACINOTTI""",PTRA010008,"IST.PROF ""DE' FRANCESCHI - A.PACINOTTI""",G713,PISTOIA,CONVITTO ANNESSO,IST PROF PER L'AGRICOLTURA E L'AMBIENTE
CENTRO,TOSCANA,PISTOIA,PTTA010004,D. ANZILOTTI,PTTA010004,D. ANZILOTTI,G491,PESCIA,CONVITTO ANNESSO,ISTITUTO TECNICO AGRARIO
NORD OVEST,LOMBARDIA,PAVIA,PVIS00800X,IIS CALVI - VOGHERA,PVRC00801V,IT TECNOLOGICO E IP SERVIZI - C. CALVI,M109,VOGHERA,NORMALE,IST PROF PER I SERVIZI COMMERCIALI
NORD OVEST,LOMBARDIA,PAVIA,PVIS01300B,"IIS ""CREMONA"" - PAVIA",PVRI01350B,"""L. CREMONA"" - CORSO SERALE - PAVIA",G388,PAVIA,PERCORSO II LIVELLO,IST PROF INDUSTRIA E ARTIGIANATO
SUD,BASILICATA,POTENZA,PZIS002003,"I.I.S. ""G. FORTUNATO"" RIONERO IN V.",PZPC00202B,"L.C. ""G. FORTUNATO""",H307,RIONERO IN VULTURE,NORMALE,LICEO CLASSICO
SUD,BASILICATA,POTENZA,PZIS01100T,"I.I.S. ""G. SOLIMENE"" LAVELLO",PZPC011015,LICEO GIUSEPPE SOLIMENE LAVELLO,E493,LAVELLO,NORMALE,LICEO CLASSICO
SUD,BASILICATA,POTENZA,PZPS040007,"L.S. ""G. GALILEI"" POTENZA",PZPS040007,"L.S. ""G. GALILEI"" POTENZA",G942,POTENZA,NORMALE,LICEO SCIENTIFICO
SUD,BASILICATA,POTENZA,PZIS016001,"I.I.S. ""GIOVANNI PAOLO II"" MARATEA",PZRH016015,I.P. ALBERGHIERO MARATEA,E919,MARATEA,CONVITTO ANNESSO,IST PROF PER I SERVIZI ALBERGHIERI E RISTORAZIONE
SUD,BASILICATA,POTENZA,PZIS007006,"I.I.S. ""TEN. R. RIGHETTI"" MELFI",PZRI00702V,I.P. TENENTE RIGHETTI PESCOPAGANO,G496,PESCOPAGANO,NORMALE,IST PROF INDUSTRIA E ARTIGIANATO
SUD,BASILICATA,POTENZA,PZIS01700R,"I.I.S. ""CARLO LEVI"" SANT'ARCANGELO",PZTD017013,"I.T.E. ""SINISGALLI"" SANT'ARCANGELO",I305,SANT'ARCANGELO,NORMALE,IST TEC COMMERCIALE E PER GEOMETRI
SUD,BASILICATA,POTENZA,PZIS02400X,"I.I.S. ""DA VINCI-NITTI"" POTENZA",PZTD024038,"I.T.E. ""L. DA VINCI"" POTENZA",G942,POTENZA,NORMALE,ISTITUTO TECNICO COMMERCIALE
SUD,BASILICATA,POTENZA,PZTD15000E,I.T.E. - IST. OMN. VIGGIANELLO,PZTD15000E,I.T.E. - IST. OMN. VIGGIANELLO,L873,VIGGIANELLO,NORMALE,ISTITUTO TECNICO COMMERCIALE
NORD EST,EMILIA ROMAGNA,RAVENNA,RARC07000X,"I.P.S. ""A.OLIVETTI - C. CALLEGARI""",RARC070509,CORSO SERALE MANUT. E ASS. TEC.CALLEGARI,H199,RAVENNA,PERCORSO II LIVELLO,IST PROF PER I SERVIZI COMMERCIALI
SUD,CALABRIA,REGGIO CALABRIA,RCIS03800B,IIS MAZZONE ROCCELLA IONICA,RCPS03801T,"""P.MAZZONE"" ROCCELLA -",H456,ROCCELLA IONICA,NORMALE,LICEO SCIENTIFICO
SUD,CALABRIA,REGGIO CALABRIA,RCIS00700Q,IS F.SCO LA CAVA,RCRC007503,IIS LA CAVA BOVALINO CORSO SERALE,B098,BOVALINO,PERCORSO II LIVELLO,IST PROF PER I SERVIZI COMMERCIALI
SUD,CALABRIA,REGGIO CALABRIA,RCIS01700A,"IS ""E. FERMI""",RCTF017507,CORSO SERALE ITIS,A552,BAGNARA CALABRA,PERCORSO II LIVELLO,ISTITUTO TECNICO INDUSTRIALE
NORD EST,EMILIA ROMAGNA,REGGIO EMILIA,REIS01600Q,"""BLAISE PASCAL""",REPS016016,"LICEO ""BLAISE PASCAL""",H223,REGGIO NELL'EMILIA,NORMALE,LICEO SCIENTIFICO
NORD EST,EMILIA ROMAGNA,REGGIO EMILIA,REIS01100L,"I.I.S. ""L. NOBILI""",RETF01151E,"ITIS ""L. NOBILI"" SERALE",H223,REGGIO NELL'EMILIA,PERCORSO II LIVELLO,ISTITUTO TECNICO INDUSTRIALE
ISOLE,SICILIA,RAGUSA,RGIS018002,G.B. VICO - UMBERTO I - R. GAGLIARDI,RGPM01801D,"LICEO ""G. B. VICO""",H163,RAGUSA,NORMALE,ISTITUTO MAGISTRALE
ISOLE,SICILIA,RAGUSA,RGIS00200C,GAETANO CURCIO,RGRI00250C,I.P.S.I.A. G. CURCIO - SERALE,E366,ISPICA,PERCORSO II LIVELLO,IST PROF INDUSTRIA E ARTIGIANATO
CENTRO,LAZIO,RIETI,RIIS00900X,I.I.S. CARLO JUCCI,RIPS00901A,CARLO JUCCI,H282,RIETI,NORMALE,LICEO SCIENTIFICO
CENTRO,LAZIO,RIETI,RIIS001009,"I.I.S. ""STATISTA ALDO MORO""",RITD00101G,ISTITUTO TECNICO ECONOMICO,D493,FARA IN SABINA,NORMALE,ISTITUTO TECNICO COMMERCIALE
CENTRO,LAZIO,ROMA,RMPC030006,ANCO MARZIO,RMPC030006,ANCO MARZIO,H501,ROMA,NORMALE,LICEO CLASSICO
CENTRO,LAZIO,ROMA,RMIS051001,BRASCHI-QUARENGHI,RMPC051018,"IIS ""BRASCHI - QUARENGHI""",I992,SUBIACO,NORMALE,LICEO CLASSICO
CENTRO,LAZIO,ROMA,RMPC320006,EUGENIO MONTALE,RMPC320006,EUGENIO MONTALE,H501,ROMA,NORMALE,LICEO CLASSICO
CENTRO,LAZIO,ROMA,RMPS48000T,LS TALETE,RMPS48000T,LS TALETE,H501,ROMA,NORMALE,LICEO SCIENTIFICO
CENTRO,LAZIO,ROMA,RMIS113003,CROCE-ALERAMO,RMRF113515,"PERCORSO II LIV ""SIBILLA ALERAMO""",H501,ROMA,PERCORSO II LIVELLO,IST PROF PER I SERVIZI SOCIALI
CENTRO,LAZIO,ROMA,RMIS08900B,"CINE TV ""ROBERTO ROSSELLINI""",RMRV08951E,"PERCORSO II LIV ""ROBERTO ROSSELLINI""",H501,ROMA,PERCORSO II LIVELLO,IST PROF CINEMATOGRAFIA E TELEVISIONE
CENTRO,LAZIO,ROMA,RMIS03200G,"I.I.S. ""TOMMASO SALVINI""",RMTD03201T,"ISTITUTO TECNICO ""ANTONIO GENOVESI""",H501,ROMA,NORMALE,ISTITUTO TECNICO COMMERCIALE
CENTRO,LAZIO,ROMA,RMIS11100B,VIA C. EMERY 97,RMTD111513,"PERCORSO II LIV ""CALAMANDREI""",H501,ROMA,PERCORSO II LIVELLO,ISTITUTO TECNICO COMMERCIALE
CENTRO,LAZIO,ROMA,RMTF090003,G. GALILEI,RMTF090003,G. GALILEI,H501,ROMA,NORMALE,ISTITUTO TECNICO INDUSTRIALE
CENTRO,LAZIO,ROMA,RMIS10900B,EINSTEIN - BACHELET,RMTF10901X,EINSTEIN,H501,ROMA,NORMALE,ISTITUTO TECNICO INDUSTRIALE
NORD EST,EMILIA ROMAGNA,RIMINI,RNRH030001,"I.P.S.S.E.O.A. ""S.P. MALATESTA""",RNRH03050A,"""S.P. MALATESTA"" SERALE",H294,RIMINI,PERCORSO II LIVELLO,IST PROF PER I SERVIZI ALBERGHIERI E RISTORAZIONE
NORD EST,EMILIA ROMAGNA,RIMINI,RNIS006001,"I.S.I.S.S. ""L. EINAUDI - R. MOLARI""",RNTD006017,"I.T.S.E. ""RINO MOLARI""",I304,SANTARCANGELO DI ROMAGNA,NORMALE,ISTITUTO TECNICO COMMERCIALE
SUD,CAMPANIA,SALERNO,SAIS046001,"""GALILEI-DI PALO"" - SALERNO",SATF04601D,"""G. GALILEI""",H703,SALERNO,NORMALE,ISTITUTO TECNICO INDUSTRIALE
SUD,CAMPANIA,SALERNO,SAIS05600G,"""MARINI - GIOIA"" - AMALFI",SATN05603T,ITT VIETRI SUL MARE,L860,VIETRI SUL MARE,NORMALE,ISTITUTO TECNICO PER IL TURISMO
CENTRO,TOSCANA,SIENA,SIIS00400L,"IS ""CASELLI""",SIRC00401G,G. CASELLI - SIENA,I726,SIENA,NORMALE,IST PROF PER I SERVIZI COMMERCIALI E TURISTICI
CENTRO,TOSCANA,SIENA,SIRH030008,PELLEGRINO ARTUSI,SIRH030008,PELLEGRINO ARTUSI,C608,CHIANCIANO TERME,NORMALE,IST PROF PER I SERVIZI ALBERGHIERI E RISTORAZIONE
CENTRO,TOSCANA,SIENA,SIIS00800X,"I.I.S. ""RONCALLI""",SITD008027,CASA CIRCONDARIALE - IST. RONCALLI,H875,SAN GIMIGNANO,SPEC. PER CARCERARI,ISTITUTO TECNICO COMMERCIALE
CENTRO,TOSCANA,SIENA,SIIS00400L,"IS ""CASELLI""",SITE00401A,MONNA AGNESE,I726,SIENA,NORMALE,ISTITUTO TECNICO PER ATTIVITA' SOCIALI (GIA' ITF)
NORD OVEST,LOMBARDIA,SONDRIO,SOTA01000X,ISTITUTO TECNICO AGRARIO,SOTA01000X,ISTITUTO TECNICO AGRARIO,I829,SONDRIO,ANNESSO A CONVITTO,ISTITUTO TECNICO AGRARIO
NORD OVEST,LIGURIA,LA SPEZIA,SPIS01100V,"""PARENTUCELLI-ARZELA'""",SPPC011016,".""PARENTUCELLI"" CON SEZ. SCIEN",I449,SARZANA,NORMALE,LICEO CLASSICO
NORD OVEST,LIGURIA,LA SPEZIA,SPPM01000D,"LICEO STATALE ""G. MAZZINI""",SPPM01000D,"LICEO STATALE ""G. MAZZINI""",E463,LA SPEZIA,NORMALE,ISTITUTO MAGISTRALE
NORD OVEST,LIGURIA,LA SPEZIA,SPRH010006,"""G. CASINI""",SPRH010006,"""G. CASINI""",E463,LA SPEZIA,NORMALE,IST PROF PER I SERVIZI ALBERGHIERI E RISTORAZIONE
NORD OVEST,LIGURIA,LA SPEZIA,SPTD110005,"I.T. COMM. E TECNOL ""FOSSATI/DA PASSANO""",SPTD110005,"I.T. COMM. E TECNOL ""FOSSATI/DA PASSANO""",E463,LA SPEZIA,NORMALE,ISTITUTO TECNICO COMMERCIALE
ISOLE,SICILIA,SIRACUSA,SRPS150001,"""L.DA VINCI"" FLORIDIA",SRPS150001,"""L.DA VINCI"" FLORIDIA",D636,FLORIDIA,NORMALE,LICEO SCIENTIFICO
ISOLE,SICILIA,SIRACUSA,SRIS02100P,PAOLO CALLERI,SRRA021514,"""PAOLO CALLERI"" IPSASR CORSO SERALE",G211,PACHINO,PERCORSO II LIVELLO,IST PROF PER L'AGRICOLTURA E L'AMBIENTE
ISOLE,SICILIA,SIRACUSA,SRIS024006,A. RIZZA,SRTH024016,G.A.DELLA TARGIA,I754,SIRACUSA,NORMALE,ISTITUTO TECNICO NAUTICO
ISOLE,SARDEGNA,SASSARI,SSIS00400C,M.PAGLIETTI,SSPS00402X,EUROPA UNITA,G924,PORTO TORRES,NORMALE,LICEO SCIENTIFICO
ISOLE,SARDEGNA,SASSARI,SSIS01700E,"I.T.C.G.""G.FALCONE E P.BORSELLINO""",SSPS017011,LORENZO MOSSA,A453,ARZACHENA,NORMALE,LICEO SCIENTIFICO
ISOLE,SARDEGNA,SASSARI,SSRH02000D,IPSAR-IPSEOA SASSARI,SSRH02000D,IPSAR-IPSEOA SASSARI,I452,SASSARI,CONVITTO ANNESSO,IST PROF PER I SERVIZI ALBERGHIERI E RISTORAZIONE
ISOLE,SARDEGNA,SASSARI,SSRH07000E,I.P.S.A.R - COSTA SMERALDA DI ARZACHENA,SSRH07050X,ARZACHENA,A453,ARZACHENA,PERCORSO II LIVELLO,IST PROF PER I SERVIZI ALBERGHIERI E RISTORAZIONE
ISOLE,SARDEGNA,SASSARI,SSIS022002,I.I.S.T.C.G. - DON GAVINO PES TEMPIO,SSRI02201N,N. FERRACCIU,B378,CALANGIANUS,NORMALE,IST PROF INDUSTRIA E ARTIGIANATO
ISOLE,SARDEGNA,SASSARI,SSSL030007,"LICEO ARTISTICO - ""FABRIZIO DE ANDRE' """,SSSL030029,LICEO ARTISTICO - C.RECLUSIONE NUCHIS,L093,TEMPIO PAUSANIA,SPEC. PER CARCERARI,LICEO ARTISTICO
ISOLE,SARDEGNA,SASSARI,SSIS022002,I.I.S.T.C.G. - DON GAVINO PES TEMPIO,SSTD022018,I.T.C.G. - DON GAVINO PES TEMPIO,L093,TEMPIO PAUSANIA,NORMALE,IST TEC COMMERCIALE E PER GEOMETRI
SUD,PUGLIA,TARANTO,TASD02000N,"LICEO ARTISTICO ""V. CAL0'""",TASD02000N,"LICEO ARTISTICO ""V. CAL0'""",E205,GROTTAGLIE,NORMALE,ISTITUTO D'ARTE
SUD,ABRUZZO,TERAMO,TEPC05000A,"POLO LICEALE ""LUIGI ILLUMINATI"" - ATRI",TEPC05000A,"POLO LICEALE ""LUIGI ILLUMINATI"" - ATRI",A488,ATRI,NORMALE,LICEO CLASSICO
SUD,ABRUZZO,TERAMO,TEIS014001,"I.I.S. ""ADONE ZOLI"" - ATRI",TEPS01401B,LICEO SCIENTIFICO DELLO SPORT,A488,ATRI,NORMALE,LICEO SCIENTIFICO
SUD,ABRUZZO,TERAMO,TEIS01100D,I.I.S. CROCETTI V. CERULLI,TERI011015,I.P.I.A. GIULIANOVA PAGLIACCETTI,E058,GIULIANOVA,NORMALE,IST PROF INDUSTRIA E ARTIGIANATO
SUD,ABRUZZO,TERAMO,TEIS014001,"I.I.S. ""ADONE ZOLI"" - ATRI",TERI01401L,ISTITUTO PROFESSIONALE,A488,ATRI,NORMALE,IST PROF INDUSTRIA E ARTIGIANATO
NORD OVEST,PIEMONTE,TORINO,TOPM050003,REGINA MARGHERITA,TOPM05050C,REGINA MARGHERITA SERALE,L219,TORINO,PERCORSO II LIVELLO,ISTITUTO MAGISTRALE
NORD OVEST,PIEMONTE,TORINO,TOPS01000G,A. GRAMSCI,TOPS01000G,A. GRAMSCI,E379,IVREA,NORMALE,LICEO SCIENTIFICO
NORD OVEST,PIEMONTE,TORINO,TOIS05400X,I.I.S. C.I. GIULIO,TORC054518,I.I.S. C.I. GIULIO SERALE,L219,TORINO,PERCORSO II LIVELLO,IST PROF PER I SERVIZI COMMERCIALI E TURISTICI
NORD OVEST,PIEMONTE,TORINO,TOIS00600E,I.I.S. C. UBERTINI,TORH00601P,UBERTINI,C665,CHIVASSO,NORMALE,IST PROF PER I SERVIZI ALBERGHIERI E RISTORAZIONE
NORD OVEST,PIEMONTE,TORINO,TOIS04700R,I.I.S. GALILEI - FERRARI,TORI04752V,G. GALILEI SERALE,L219,TORINO,PERCORSO II LIVELLO,IST PROF INDUSTRIA E ARTIGIANATO
NORD OVEST,PIEMONTE,TORINO,TOIS02100L,O. ROMERO,TOTD02101V,O. ROMERO,H355,RIVOLI,NORMALE,ISTITUTO TECNICO COMMERCIALE
NORD OVEST,PIEMONTE,TORINO,TOIS01300N,BODONI - PARAVIA,TOTF013016,BODONI - PARAVIA,L219,TORINO,NORMALE,ISTITUTO TECNICO INDUSTRIALE
NORD OVEST,PIEMONTE,TORINO,TOIS03400P,I.I.S. CURIE - VITTORINI,TOTL03401B,I.I.S CURIE-VITTORINI,E216,GRUGLIASCO,NORMALE,ISTITUTO TECNICO PER GEOMETRI
NORD OVEST,PIEMONTE,TORINO,TOIS03900T,I.I.S. P. MARTINETTI,TOTN039012,MARTINETTI-TURISMO-CHIMICO MAT BIOTECN,B435,CALUSO,NORMALE,ISTITUTO TECNICO PER IL TURISMO
ISOLE,SICILIA,TRAPANI,TPIS008004,POLO STATALE I.S.S. PIERSANTI MATTARELLA,TPRM008017,"TTL CAIM EX NAUTICO - ITC ""P.MATTARELLA""",C130,CASTELLAMMARE DEL GOLFO,NORMALE,IST PROF INDUSTRIA E ATTIVITA' MARINARE
ISOLE,SICILIA,TRAPANI,TPIS02100E,"I.S. ""G.B.FERRIGNO V. ACCARDI""",TPTL02151L,ISTITUTO TECNICO PER GEOMETRI,B521,CAMPOBELLO DI MAZARA,PERCORSO II LIVELLO,ISTITUTO TECNICO PER GEOMETRI
CENTRO,UMBRIA,TERNI,TRIS011005,TERNI I.I.S. CLASSICO E ARTISTICO,TRPC01101C,"TERNI LICEO CLASSICO ""G. C. TACITO""",L117,TERNI,NORMALE,LICEO CLASSICO
CENTRO,UMBRIA,TERNI,TRIS00100E,NARNI I.I.S. SC. MAG. GEOM. GANDHI,TRPM001012,NARNI ISTITUTO MAGISTRALE,F844,NARNI,NORMALE,ISTITUTO MAGISTRALE
CENTRO,UMBRIA,TERNI,TRIS00700D,TERNI I.I.S. PROF.LE E TECN. COMM.LE,TRRH00701N,"TERNI IPSSAR ""CASAGRANDE""",L117,TERNI,NORMALE,IST PROF PER I SERVIZI ALBERGHIERI E RISTORAZIONE
CENTRO,UMBRIA,TERNI,TRTF030002,"IST. TECN.TECNOLOGICO ""ALLIEVI-SANGALLO""",TRTF03050B,"TERNI ITIS "" L. ALLIEVI"" CORSO SERALE",L117,TERNI,PERCORSO II LIVELLO,ISTITUTO TECNICO INDUSTRIALE
NORD EST,FRIULI-VENEZIA G.,TRIESTE,TSIS00400D,ISIS CARDUCCI - DANTE,TSPM004011,GIOSUE' CARDUCCI,L424,TRIESTE,NORMALE,ISTITUTO MAGISTRALE
NORD EST,FRIULI-VENEZIA G.,TRIESTE,TSTD030007,ZIGA ZOIS-L.INS.SLOVENA,TSTD030007,ZIGA ZOIS-L.INS.SLOVENA,L424,TRIESTE,SLOVENO,IST TEC COMMERCIALE E PER GEOMETRI
NORD EST,FRIULI-VENEZIA G.,TRIESTE,TSTE03000P,GRAZIA DELEDDA - MAX FABIANI,TSTE030504,G. DELEDDA - M. FABIANI - SERALE,L424,TRIESTE,PERCORSO II LIVELLO,ISTITUTO TECNICO PER ATTIVITA' SOCIALI (GIA' ITF)
NORD EST,FRIULI-VENEZIA G.,TRIESTE,TSIS00200T,ISIS NAUTICO T. DI SAVOIA - L. GALVANI,TSTH00201T,NAUTICO T. DI SAVOIA DUCA DI GENOVA,L424,TRIESTE,NORMALE,ISTITUTO TECNICO NAUTICO
NORD EST,VENETO,TREVISO,TVRH06000P,I.P.S.S.E.O.A. BELTRAME,TVRH06000P,I.P.S.S.E.O.A. BELTRAME,M089,VITTORIO VENETO,NORMALE,IST PROF PER I SERVIZI ALBERGHIERI E RISTORAZIONE
NORD EST,VENETO,TREVISO,TVIS01100A,IS A.SCARPA,TVTF01101V,I.T.I. SCARPA,F770,MOTTA DI LIVENZA,NORMALE,ISTITUTO TECNICO INDUSTRIALE
NORD EST,FRIULI-VENEZIA G.,UDINE,UDIS014006,F.SOLARI,UDPS01401L,LIC. F. SOLARI,L195,TOLMEZZO,NORMALE,LICEO SCIENTIFICO
NORD EST,FRIULI-VENEZIA G.,UDINE,UDIS01800D,MAGRINI MARCHETTI,UDPS01801X,LUIGI MAGRINI,D962,GEMONA DEL FRIULI,NORMALE,LICEO SCIENTIFICO
NORD EST,FRIULI-VENEZIA G.,UDINE,UDIS01300A,DELLA BASSA FRIULANA,UDRC013019,ENRICO MATTEI,G284,PALMANOVA,NORMALE,IST PROF PER I SERVIZI COMMERCIALI
NORD EST,FRIULI-VENEZIA G.,UDINE,UDIS007003,D'AQUILEIA,UDRI00701P,IPSIA MATTIONI,C758,CIVIDALE DEL FRIULI,NORMALE,IST PROF INDUSTRIA E ARTIGIANATO
NORD EST,FRIULI-VENEZIA G.,UDINE,UDIS014006,F.SOLARI,UDRI01401T,"IPSIA ""A. CANDONI"" TOLMEZZO",L195,TOLMEZZO,NORMALE,IST PROF INDUSTRIA E ARTIGIANATO
NORD EST,FRIULI-VENEZIA G.,UDINE,UDIS01600T,"ISIS ""A. MALIGNANI"" UDINE",UDTF01651Q,SEZIONE SERALE ITI MALIGNANI UDINE,L483,UDINE,PERCORSO II LIVELLO,ISTITUTO TECNICO INDUSTRIALE
NORD OVEST,LOMBARDIA,VARESE,VAIS01900E,C. FACCHINETTI,VARI019016,"I.P.S.I.A ISIS ""FACCHINETTI"" CASTELLANZA",C139,CASTELLANZA,NORMALE,IST PROF INDUSTRIA E ARTIGIANATO
NORD EST,VENETO,VENEZIA,VEIS02700X,LEVI-PONTI,VETF02701C,PRIMO LEVI,F241,MIRANO,NORMALE,ISTITUTO TECNICO INDUSTRIALE
NORD EST,VENETO,VICENZA,VIIS001003,IIS G.G. TRISSINO,VIPC00101A,"LC ""G.G. TRISSINO"" VALDAGNO",L551,VALDAGNO,NORMALE,LICEO CLASSICO
NORD EST,VENETO,VICENZA,VIIS006006,IIS M. RIGONI STERN,VIRI00601T,MARIO RIGONI STERN,A465,ASIAGO,CONVITTO ANNESSO,IST PROF INDUSTRIA E ARTIGIANATO
NORD EST,VENETO,VICENZA,VIIS013009,IIS A. CANOVA,VISL01302N,LICEO ARTISTICO 'CANOVA' CARCERARIA,L840,VICENZA,SPEC. PER CARCERARI,LICEO ARTISTICO
NORD EST,VENETO,VERONA,VRPS020006,"LICEO ""GALILEO GALILEI""",VRPS020006,"LICEO ""GALILEO GALILEI""",L781,VERONA,NORMALE,LICEO SCIENTIFICO
NORD EST,VENETO,VERONA,VRIS01200T,"""STEFANI - BENTEGODI""",VRRA01203X,"""STEFANI-BENTEGODI"" S.PIETRO INCARIANO",I109,SAN PIETRO IN CARIANO,NORMALE,IST PROF PER L'AGRICOLTURA E L'AMBIENTE
NORD EST,VENETO,VERONA,VRRH02000X,ANGELO BERTI,VRRH02000X,ANGELO BERTI,L781,VERONA,NORMALE,IST PROF PER I SERVIZI ALBERGHIERI E RISTORAZIONE
NORD EST,VENETO,VERONA,VRRH03000E,LUIGI CARNACINA,VRRH03000E,LUIGI CARNACINA,A650,BARDOLINO,NORMALE,IST PROF PER I SERVIZI ALBERGHIERI E RISTORAZIONE
NORD EST,VENETO,VERONA,VRIS00400V,"""M.O. LUCIANO DAL CERO""",VRTD004015,ISISS M.O. LUCIANO DAL CERO,H783,SAN BONIFACIO,NORMALE,IST TEC COMMERCIALE E PER GEOMETRI
SUD,CALABRIA,VIBO VALENTIA,VVRH01000E,"I.P.S.E.O.A. ""E. GAGLIARDI""",VVRH01001G,I.P.S.E.O.A. COMPL.PENITENZIARIO,F537,VIBO VALENTIA,SPEC. PER CARCERARI,IST PROF PER I SERVIZI ALBERGHIERI E RISTORAZIONE
